{
  "3_5": {
    "d_small": 3,
    "d_large": 5,
    "p": [
      0.001,
      0.0011288378916846896,
      0.0012742749857031334,
      0.0014384498882876629,
      0.001623776739188721,
      0.0018329807108324356,
      0.00206913808111479,
      0.002335721469090121,
      0.0026366508987303583,
      0.002976351441631319,
      0.003359818286283781,
      0.00379269019073225,
      0.004281332398719396,
      0.004832930238571752,
      0.00545559478116852,
      0.006158482110660267,
      0.0069519279617756054,
      0.007847599703514606,
      0.008858667904100823,
      0.01
    ],
    "lambda": [
      4.565338685136463,
      4.116826049237322,
      3.7563568876003255,
      3.366964877032998,
      2.9671891868145996,
      2.670560411702987,
      2.375261926566702,
      2.1441174993114704,
      1.9547658135141064,
      1.765323578512003,
      1.5902209788812849,
      1.4331428205725338,
      1.2947050007856082,
      1.1649088514358101,
      1.086461745147807,
      0.9595114235409284,
      0.8917472521615827,
      0.8174061376346878,
      0.756044927743358,
      0.6930487970696212
    ],
    "lambda_err": [
      847.3430318054734,
      452.47258134075827,
      261.8055377117915,
      137.79169762446062,
      72.41619407892074,
      42.391753295668714,
      27.180096669248343,
      17.738714921244895,
      11.888439574961033,
      7.86403748053912,
      5.217148708444898,
      3.451584395836414,
      2.3316848321601698,
      1.5601324168815387,
      1.1114096690686486,
      0.7424922534390458,
      0.5382106421499581,
      0.38098749977065705,
      0.2721715579282555,
      0.19580112925726667
    ]
  },
  "5_7": {
    "d_small": 5,
    "d_large": 7,
    "p": [
      0.001,
      0.0011288378916846896,
      0.0012742749857031334,
      0.0014384498882876629,
      0.001623776739188721,
      0.0018329807108324356,
      0.00206913808111479,
      0.002335721469090121,
      0.0026366508987303583,
      0.002976351441631319,
      0.003359818286283781,
      0.00379269019073225,
      0.004281332398719396,
      0.004832930238571752,
      0.00545559478116852,
      0.006158482110660267,
      0.0069519279617756054,
      0.007847599703514606,
      0.008858667904100823,
      0.01
    ],
    "lambda": [
      7.2220668071370335,
      6.290577931463486,
      5.659651075011134,
      5.0328815141431775,
      4.478336103466643,
      3.8487915887188207,
      3.481374087652438,
      3.132831728194407,
      2.8370090496185543,
      2.49816090824983,
      2.223758677461109,
      1.9849186372256276,
      1.7627530665012816,
      1.578416270399393,
      1.4080127456460698,
      1.2446055311637172,
      1.147158468691781,
      1.0538650659344169,
      0.9447273788507053,
      0.8552189402936049
    ],
    "lambda_err": [
      30248.29623250215,
      13192.374653910801,
      6071.843390463686,
      2963.7244649727945,
      1240.3315982309873,
      519.9735792224225,
      237.62960672463683,
      107.71855600792266,
      51.269877756647446,
      26.055681370585823,
      15.05867840112226,
      8.71350901170671,
      5.0918454958701895,
      3.010096416296074,
      1.8427820940633026,
      1.0646006743279588,
      0.7012685924282681,
      0.44882285060302635,
      0.28216085220271825,
      0.17981725041301921
    ]
  },
  "7_9": {
    "d_small": 7,
    "d_large": 9,
    "p": [
      0.001,
      0.0011288378916846896,
      0.0012742749857031334,
      0.0014384498882876629,
      0.001623776739188721,
      0.0018329807108324356,
      0.00206913808111479,
      0.002335721469090121,
      0.0026366508987303583,
      0.002976351441631319,
      0.003359818286283781,
      0.00379269019073225,
      0.004281332398719396,
      0.004832930238571752,
      0.00545559478116852,
      0.006158482110660267,
      0.0069519279617756054,
      0.007847599703514606,
      0.008858667904100823,
      0.01
    ],
    "lambda": [
      8.380765392809428,
      8.513292425045556,
      5.97358141384702,
      5.522911456646334,
      5.129919787730395,
      4.715840266956978,
      4.170998006433224,
      3.721823219493734,
      3.1496928816436984,
      2.8615828996776473,
      2.5009343227217715,
      2.225930555628713,
      1.9435558060593534,
      1.7168979417777417,
      1.5311206794567844,
      1.3571631450187238,
      1.2234962207186608,
      1.085967275569166,
      0.9967493830497527,
      0.9240752938395791
    ],
    "lambda_err": [
      1278261.2163153577,
      662592.3529886822,
      121725.48642654301,
      61393.649067084014,
      25083.312295137617,
      10276.73591231442,
      3985.881360472393,
      1234.787573505867,
      516.0061914331314,
      212.1797800399303,
      76.46883551015361,
      29.08955868548828,
      10.673093776775158,
      5.495401184027633,
      2.997996476915572,
      1.5255764968041132,
      0.8908911223214703,
      0.4980735286502304,
      0.2886508226499861,
      0.17111192234751454
    ]
  },
  "9_11": {
    "d_small": 9,
    "d_large": 11,
    "p": [
      0.001,
      0.0011288378916846896,
      0.0012742749857031334,
      0.0014384498882876629,
      0.001623776739188721,
      0.0018329807108324356,
      0.00206913808111479,
      0.002335721469090121,
      0.0026366508987303583,
      0.002976351441631319,
      0.003359818286283781,
      0.00379269019073225,
      0.004281332398719396,
      0.004832930238571752,
      0.00545559478116852,
      0.006158482110660267,
      0.0069519279617756054,
      0.007847599703514606,
      0.008858667904100823,
      0.01
    ],
    "lambda": [
      7.510099858011379,
      7.843731191141391,
      7.3277989055363175,
      6.849566691575859,
      5.270875937577882,
      4.772597782647588,
      4.32883999246849,
      3.7305242866700614,
      3.7088603496087824,
      2.926510120248569,
      2.5266045514701396,
      2.2997212909414637,
      2.0059240002108134,
      1.7894856494048244,
      1.595786109692602,
      1.4182902571707334,
      1.2641618668661285,
      1.1375698014298652,
      1.0334092875448007,
      0.941976107366394
    ],
    "lambda_err": [
      28114423.15456711,
      15967361.037817353,
      4061269.435205089,
      1724335.8971787,
      380627.14048972743,
      138356.99829813512,
      44117.68996300643,
      12475.768782924748,
      5196.427115519731,
      1277.4398014925544,
      389.7473538304371,
      125.75721452128462,
      35.46319220649093,
      11.105332861197471,
      4.926667162577629,
      2.24272251912711,
      1.1488183683582147,
      0.5840726937553957,
      0.3038116613339777,
      0.16169882570049304
    ]
  },
  "11_13": {
    "d_small": 11,
    "d_large": 13,
    "p": [
      0.0011288378916846896,
      0.0012742749857031334,
      0.0014384498882876629,
      0.001623776739188721,
      0.0018329807108324356,
      0.00206913808111479,
      0.002335721469090121,
      0.0026366508987303583,
      0.002976351441631319,
      0.003359818286283781,
      0.00379269019073225,
      0.004281332398719396,
      0.004832930238571752,
      0.00545559478116852,
      0.006158482110660267,
      0.0069519279617756054,
      0.007847599703514606,
      0.008858667904100823,
      0.01
    ],
    "lambda": [
      1.500918626173092,
      10.60129504464856,
      8.97619834258579,
      5.832395764715941,
      5.991213895811356,
      5.2026012121933105,
      4.023357527586181,
      3.1997070600186923,
      3.0864792304034867,
      3.024639363712249,
      2.3851605028572993,
      2.1524020244238047,
      1.832606826165861,
      1.6225759940033053,
      1.4315594630191295,
      1.2917250608098658,
      1.1766750387686595,
      1.0333265931149807,
      0.947394481491834
    ],