{
  "3_5": {
    "d_small": 3,
    "d_large": 5,
    "p": [
      0.001,
      0.0011288378916846896,
      0.0012742749857031334,
      0.0014384498882876629,
      0.001623776739188721,
      0.0018329807108324356,
      0.00206913808111479,
      0.002335721469090121,
      0.0026366508987303583,
      0.002976351441631319,
      0.003359818286283781,
      0.00379269019073225,
      0.004281332398719396,
      0.004832930238571752,
      0.00545559478116852,
      0.006158482110660267,
      0.0069519279617756054,
      0.007847599703514606,
      0.008858667904100823,
      0.01
    ],
    "lambda": [
      5.208283973962526,
      4.750647217901776,
      4.252876787353382,
      3.832499342671774,
      3.478872781794724,
      3.117777794736137,
      2.8224150519506566,
      2.4959217533964866,
      2.104859145454617,
      1.88166578867304,
      1.694037663748315,
      1.5250473303655636,
      1.3633189142571027,
      1.234431585302096,
      1.109110573414756,
      0.9673697793367942,
      0.8850262449332021,
      0.7986124916206283,
      0.7409808422552415,
      0.6834654129313685
    ],
    "lambda_err": [
      1609.6030986483158,
      869.905485517782,
      458.2826615925668,
      250.78104300767194,
      135.22181072689912,
      73.0336680255493,
      40.31376837608871,
      24.970752539457134,
      15.514593255487519,
      10.028743938698268,
      6.6130907119295665,
      4.389119700866308,
      2.8772417472429597,
      1.960226655665881,
      1.3072307968129555,
      0.8534259000995157,
      0.6170466927249794,
      0.4288766704027687,
      0.30684153797813685,
      0.21822282629200132
    ]
  },
  "5_7": {
    "d_small": 5,
    "d_large": 7,
    "p": [
      0.001,
      0.0011288378916846896,
      0.0012742749857031334,
      0.0014384498882876629,
      0.001623776739188721,
      0.0018329807108324356,
      0.00206913808111479,
      0.002335721469090121,
      0.0026366508987303583,
      0.002976351441631319,
      0.003359818286283781,
      0.00379269019073225,
      0.004281332398719396,
      0.004832930238571752,
      0.00545559478116852,
      0.006158482110660267,
      0.0069519279617756054,
      0.007847599703514606,
      0.008858667904100823,
      0.01
    ],
    "lambda": [
      7.862372383971976,
      7.504046331039371,
      6.553186620695773,
      5.948564229076813,
      5.085847286635312,
      4.43778531733133,
      4.0081832310740895,
      3.552948915785514,
      3.035844760542527,
      2.712934270278102,
      2.417584725993878,
      2.159170102483051,
      1.9339033454680103,
      1.661251968710313,
      1.5107155946731883,
      1.3365772738090815,
      1.1900107586134507,
      1.0911993261700306,
      0.9694774692486287,
      0.8819695420688556
    ],
    "lambda_err": [
      65777.71991510874,
      35555.02290716577,
      14957.315046671969,
      7014.359403808643,
      2893.00315113995,
      1231.363705630789,
      544.630091548543,
      241.51659012761357,
      102.19747236029833,
      47.69065024806316,
      21.63394159180167,
      12.365274089988363,
      7.165060378830568,
      3.97459102212026,
      2.4130357268564087,
      1.3685287403386939,
      0.8547122763113522,
      0.5412544918803082,
      0.3306670953061622,
      0.21035858878874344
    ]
  },
  "7_9": {
    "d_small": 7,
    "d_large": 9,
    "p": [
      0.001,
      0.0011288378916846896,
      0.0012742749857031334,
      0.0014384498882876629,
      0.001623776739188721,
      0.0018329807108324356,
      0.00206913808111479,
      0.002335721469090121,
      0.0026366508987303583,
      0.002976351441631319,
      0.003359818286283781,
      0.00379269019073225,
      0.004281332398719396,
      0.004832930238571752,
      0.00545559478116852,
      0.006158482110660267,
      0.0069519279617756054,
      0.007847599703514606,
      0.008858667904100823,
      0.01
    ],
    "lambda": [
      8.09784286408442,
      10.61531582155957,
      6.979645218135471,
      6.799241628423191,
      4.939891228901669,
      5.364844401858513,
      4.032921354525111,
      3.8660024531476194,
      3.54683877522622,
      3.154209749765326,
      2.7309401936384208,
      2.3894063255358033,
      2.0603677347577283,
      1.8891117138082902,
      1.637063247519066,
      1.4485838196110725,
      1.3163506513323449,
      1.1572960986323464,
      1.0538324755842248,
      0.9493958056401509
    ],
    "lambda_err": [
      2358392.8506172504,
      2635929.747881518,
      444557.570724177,
      219961.00204359886,
      47375.056628771395,
      28981.330589418427,
      7321.290456880815,
      3281.2959199871093,
      1250.864632150835,
      482.57031512154714,
      168.5247512457656,
      64.77693423881661,
      22.433186478980545,
      9.758594290071455,
      4.1957785132068,
      2.1050764327688243,
      1.196558784060288,
      0.6472903108569116,
      0.36347415818084994,
      0.20653270413137698
    ]
  },
  "9_11": {
    "d_small": 9,
    "d_large": 11,
    "p": [
      0.0011288378916846896,
      0.0012742749857031334,
      0.0014384498882876629,
      0.001623776739188721,
      0.0018329807108324356,
      0.00206913808111479,
      0.002335721469090121,
      0.0026366508987303583,
      0.002976351441631319,
      0.003359818286283781,
      0.00379269019073225,
      0.004281332398719396,
      0.004832930238571752,
      0.00545559478116852,
      0.006158482110660267,
      0.0069519279617756054,
      0.007847599703514606,
      0.008858667904100823,
      0.01
    ],
    "lambda": [
      4.800736631668657,
      17.684943187330166,
      7.6960250005101045,
      9.595459837492683,
      6.284088008030522,
      6.324974181504911,
      4.494657816782039,
      3.527210646788561,
      3.1949411073822236,
      2.9046207869156087,
      2.554520652967301,
      2.1970766571399802,
      1.9549188948403127,
      1.7275680450782949,
      1.4822210955355641,
      1.328474323354104,
      1.2045623842528923,
      1.0782335014278601,
      0.9839849807661204
    ],
    "lambda_err": [
      15397547.712331533,
      107201835.3633881,
      6752083.707897907,
      3589972.642025144,
      675500.8643714805,
      227156.52004904894,
      44864.89838332605,
      10990.994433749578,
      3515.451664485657,
      1160.1405285475314,
      353.84573418790353,
      99.50663047195565,
      31.5921837117922,
      8.841220537811724,
      3.179874982679995,
      1.609437321988808,
      0.7980889687782013,
      0.3967108284566394,
      0.20676809368410692
    ]
  },
  "11_13": {
    "d_small": 11,
    "d_large": 13,
    "p": [
      0.0011288378916846896,
      0.0014384498882876629,
      0.001623776739188721,
      0.0018329807108324356,
      0.00206913808111479,
      0.002335721469090121,
      0.0026366508987303583,
      0.002976351441631319,
      0.003359818286283781,
      0.00379269019073225,
      0.004281332398719396,
      0.004832930238571752,
      0.00545559478116852,
      0.006158482110660267,
      0.0069519279617756054,
      0.007847599703514606,
      0.008858667904100823,
      0.01
    ],
    "lambda": [
      2.1604135938701656,
      5.043557127425261,
      4.263415314381336,
      9.921738006443546,
      3.3758440272334487,
      5.809226768316121,
      4.610426683148603,
      4.061666656760349,
      3.071900495392694,
      2.486929636072446,
      2.4889270694276266,
      2.002185064665223,
      1.7299506677765415,
      1.5391731370663047,
      1.367565772251804,
      1.229468129082958,
      1.092899179288717,
      0.9856161712523247
    ],