{
  "params": {
    "exposure": 8,
    "Pm": 0.00783435926133184,
    "type": "no_erasure",
    "max_half_weight": 23
  },
  "results": {
    "3": {
      "p": [
        0.001,
        0.0011288378916846896,
        0.0012742749857031334,
        0.0014384498882876629,
        0.001623776739188721,
        0.0018329807108324356,
        0.00206913808111479,
        0.002335721469090121,
        0.0026366508987303583,
        0.002976351441631319,
        0.003359818286283781,
        0.00379269019073225,
        0.004281332398719396,
        0.004832930238571752,
        0.00545559478116852,
        0.006158482110660267,
        0.0069519279617756054,
        0.007847599703514606,
        0.008858667904100823,
        0.01
      ],
      "pL": [
        0.00054370959600542,
        0.0006800960934974347,
        0.0008737211480075543,
        0.0010960207623597097,
        0.0013963395238649784,
        0.0017605279682534555,
        0.0022071494758323477,
        0.0028024602518304793,
        0.0035380946652608636,
        0.004463359666783421,
        0.005611307008073548,
        0.007110896204025834,
        0.008902075830552547,
        0.011185588487792329,
        0.014001675300449698,
        0.017372225112767457,
        0.02153372908738441,
        0.0267685835872445,
        0.03343086789040359,
        0.041203301208492825
      ],
      "pL_dev": [
        0.0098,
        0.0098,
        0.0098,
        0.0098,
        0.0098,
        0.0098,
        0.0098,
        0.0098,
        0.0098,
        0.0098,
        0.0098,
        0.0098,
        0.0098,
        0.0097,
        0.0097,
        0.0097,
        0.0097,
        0.0097,
        0.0096,
        0.0096
      ]
    },
    "5": {
      "p": [
        0.001,
        0.0011288378916846896,
        0.0012742749857031334,
        0.0014384498882876629,
        0.001623776739188721,
        0.0018329807108324356,
        0.00206913808111479,
        0.002335721469090121,
        0.0026366508987303583,
        0.002976351441631319,
        0.003359818286283781,
        0.00379269019073225,
        0.004281332398719396,
        0.004832930238571752,
        0.00545559478116852,
        0.006158482110660267,
        0.0069519279617756054,
        0.007847599703514606,
        0.008858667904100823,
        0.01
      ],
      "pL": [
        0.00011909512820496646,
        0.00016519913286679392,
        0.00023259801295550322,
        0.00032552188763119316,
        0.0004705933582091564,
        0.0006592354026287638,
        0.00092922361578146,
        0.0013070460237045868,
        0.001809983907433079,
        0.0025283521509102606,
        0.0035286334934538995,
        0.0049617498702502405,
        0.006875756118305635,
        0.009602114769756892,
        0.012887407552987382,
        0.018105282216086545,
        0.024147794159373025,
        0.03274820478434898,
        0.044218096919435734,
        0.05945223681609491
      ],
      "pL_dev": [
        0.022,
        0.018,
        0.016,
        0.013,
        0.011,
        0.0098,
        0.0098,
        0.0098,
        0.0098,
        0.0098,
        0.0098,
        0.0098,
        0.0098,
        0.0098,
        0.0097,
        0.0097,
        0.0097,
        0.0096,
        0.0096,
        0.0095
      ]
    },
    "7": {
      "p": [
        0.001,
        0.0011288378916846896,
        0.0012742749857031334,
        0.0014384498882876629,
        0.001623776739188721,
        0.0018329807108324356,
        0.00206913808111479,
        0.002335721469090121,
        0.0026366508987303583,
        0.002976351441631319,
        0.003359818286283781,
        0.00379269019073225,
        0.004281332398719396,
        0.004832930238571752,
        0.00545559478116852,
        0.006158482110660267,
        0.0069519279617756054,
        0.007847599703514606,
        0.008858667904100823,
        0.01
      ],
      "pL": [
        1.6490449532711822e-05,
        2.626136019085305e-05,
        4.1097588857109114e-05,
        6.46790286471927e-05,
        0.00010508218841477172,
        0.0001712837360591429,
        0.0002669128891023758,
        0.00041720913764426684,
        0.0006379901776049807,
        0.0010120853875187656,
        0.0015867879591514762,
        0.0024997245615998686,
        0.00390057816319824,
        0.006083385574406954,
        0.009152905463987093,
        0.014547004462657293,
        0.021050094488611636,
        0.031074381192541526,
        0.046805139672387426,
        0.06951697865307378
      ],
      "pL_dev": [
        0.069,
        0.055,
        0.044,
        0.038,
        0.029,
        0.023,
        0.018,
        0.014,
        0.011,
        0.0098,
        0.0098,
        0.0098,
        0.0098,
        0.0098,
        0.0098,
        0.0097,
        0.0097,
        0.0096,
        0.0096,
        0.0095
      ]
    },
    "9": {
      "p": [
        0.001,
        0.0011288378916846896,
        0.0012742749857031334,
        0.0014384498882876629,
        0.001623776739188721,
        0.0018329807108324356,
        0.00206913808111479,
        0.002335721469090121,
        0.0026366508987303583,
        0.002976351441631319,
        0.003359818286283781,
        0.00379269019073225,
        0.004281332398719396,
        0.004832930238571752,
        0.00545559478116852,
        0.006158482110660267,
        0.0069519279617756054,
        0.007847599703514606,
        0.008858667904100823,
        0.01
      ],
      "pL": [
        1.96765435611172e-06,
        3.0847478131485094e-06,
        6.879890974925549e-06,
        1.1711038490279838e-05,
        2.0484177679757194e-05,
        3.6320936749977817e-05,
        6.399257172760507e-05,
        0.00011209805330329964,
        0.00020255631313235824,
        0.00035368026124030005,
        0.0006344780607531397,
        0.001123002043023675,
        0.002006928821409475,
        0.0035432423945409262,
        0.0059779125099625645,
        0.010718685160328752,
        0.017204870870992286,
        0.028614472914255302,
        0.046957781432658434,
        0.07522869523350988
      ],
      "pL_dev": [
        0.3,
        0.24,
        0.14,
        0.13,
        0.1,
        0.079,
        0.061,
        0.037,
        0.033,
        0.026,
        0.019,
        0.014,
        0.0098,
        0.0098,
        0.0098,
        0.0097,
        0.0097,
        0.0097,
        0.0096,
        0.0094
      ]
    },
    "11": {
      "p": [
        0.001,
        0.0011288378916846896,
        0.0012742749857031334,
        0.0014384498882876629,
        0.001623776739188721,
        0.0018329807108324356,
        0.00206913808111479,
        0.002335721469090121,
        0.0026366508987303583,
        0.002976351441631319,
        0.003359818286283781,
        0.00379269019073225,
        0.004281332398719396,
        0.004832930238571752,
        0.00545559478116852,
        0.006158482110660267,
        0.0069519279617756054,
        0.007847599703514606,
        0.008858667904100823,
        0.01
      ],
      "pL": [
        2.620010909725428e-07,
        3.9327556464866925e-07,
        9.388755155013378e-07,
        1.7097488085900386e-06,
        3.886294787118487e-06,
        7.6103075105207916e-06,
        1.4782845251601403e-05,
        3.0048873747813218e-05,
        5.461416554918932e-05,
        0.00012085393410847304,
        0.0002511188624210939,
        0.0004883209315177225,
        0.0010005009268539366,
        0.001980033981115967,
        0.0037460612507236924,
        0.007557469358712827,
        0.013609705625469747,
        0.025154037034288725,
        0.0454396742884147,
        0.07986263626562312
      ],