Amplitude,Uncertainty,Category,Truth,Weight,WeightClass
1.1643703,3.0383968,TN,0,0.42403330414894136,C1L
1.2663606,3.2579505,FN,1,0.692093878591057,C1L
1.0650599,3.5101395,TN,0,1.0,C1L
1.3188198,2.6910944,TN,0,0.0,C1L
1.8742876,4.8143687,TN,0,1.0,C8L
1.3820157,4.3624306,FN,1,1.0,C8L
3.3584158,5.8776636,TP,1,0.0,C1R
2.7457337,4.8930206,TP,1,1.0,C1R
2.1647704,4.03629,TP,1,1.0,C8R
2.2089336,3.5740502,TP,1,1.0,C8R
3.4091702,3.9168396,TP,1,1.0,C8R
